"date","week","light","area","plant","height","number_leaves"
"2021-04-22",1,"FL","1FL","11FL",1,1
"2021-04-22",1,"FL","1FL","21FL",1,1
"2021-04-22",1,"FL","1FL","31FL",1,1
"2021-04-22",1,"FL","2FL","12FL",1,1
"2021-04-22",1,"FL","2FL","22FL",1,1
"2021-04-22",1,"FL","2FL","32FL",1,1
"2021-04-22",1,"FL","3FL","13FL",1,1
"2021-04-22",1,"FL","3FL","23FL",1,1
"2021-04-22",1,"FL","3FL","33FL",1,1
"2021-04-22",1,"FL","4FL","14FL",1,1
"2021-04-22",1,"FL","4FL","24FL",1,1
"2021-04-22",1,"FL","4FL","34FL",1,1
"2021-04-22",1,"FL","5FL","15FL",1,1
"2021-04-22",1,"FL","5FL","25FL",1,1
"2021-04-22",1,"FL","5FL","35FL",1,1
"2021-04-22",1,"FL","6FL","16FL",1,1
"2021-04-22",1,"FL","6FL","26FL",1,1
"2021-04-22",1,"FL","6FL","36FL",1,1
"2021-04-22",1,"SH","1SH","11SH",1,1
"2021-04-22",1,"SH","1SH","21SH",1,1
"2021-04-22",1,"SH","1SH","31SH",1,1
"2021-04-22",1,"SH","2SH","12SH",1,1
"2021-04-22",1,"SH","2SH","22SH",1,1
"2021-04-22",1,"SH","2SH","32SH",1,1
"2021-04-22",1,"SH","3SH","13SH",1,1
"2021-04-22",1,"SH","3SH","23SH",1,1
"2021-04-22",1,"SH","3SH","33SH",1,1
"2021-04-22",1,"SH","4SH","14SH",1,1
"2021-04-22",1,"SH","4SH","24SH",1,1
"2021-04-22",1,"SH","4SH","34SH",1,1
"2021-04-22",1,"SH","5SH","15SH",1,1
"2021-04-22",1,"SH","5SH","25SH",1,1
"2021-04-22",1,"SH","5SH","35SH",1,1
"2021-04-22",1,"SH","6SH","16SH",1,1
"2021-04-22",1,"SH","6SH","26SH",1,1
"2021-04-22",1,"SH","6SH","36SH",1,1
"2021-04-22",1,"SH","7SH","17SH",1,1
"2021-04-22",1,"SH","7SH","27SH",1,1
"2021-04-22",1,"SH","7SH","37SH",1,1
"2021-04-22",1,"SH","8SH","18SH",1,1
"2021-04-22",1,"SH","8SH","28SH",1,1
"2021-04-22",1,"SH","8SH","38SH",1,1
"2021-04-22",1,"SH","9SH","19SH",1,1
"2021-04-22",1,"SH","9SH","29SH",1,1
"2021-04-22",1,"SH","9SH","39SH",1,1
"2021-04-22",1,"SH","10SH","110SH",1,1
"2021-04-22",1,"SH","10SH","210SH",1,1
"2021-04-22",1,"SH","10SH","310SH",1,1
"2021-04-22",1,"SH","11SH","111SH",1,1
"2021-04-22",1,"SH","11SH","211SH",1,1
"2021-04-22",1,"SH","11SH","311SH",1,1
"2021-04-22",1,"SH","12SH","112SH",1,1
"2021-04-22",1,"SH","12SH","212SH",1,1
"2021-04-22",1,"SH","12SH","312SH",1,1
"2021-04-22",1,"SH","13SH","113SH",1,1
"2021-04-22",1,"SH","13SH","213SH",1,1
"2021-04-22",1,"SH","13SH","313SH",1,1
"2021-04-22",1,"SH","14SH","114SH",1,1
"2021-04-22",1,"SH","14SH","214SH",1,1
"2021-04-22",1,"SH","14SH","314SH",1,1
"2021-04-22",1,"SH","15SH","115SH",1,1
"2021-04-22",1,"SH","15SH","215SH",1,1
"2021-04-22",1,"SH","15SH","315SH",1,1
"2021-04-22",1,"SH","16SH","116SH",1,1
"2021-04-22",1,"SH","16SH","216SH",1,1
"2021-04-22",1,"SH","16SH","316SH",1,1
"2021-04-22",1,"SH","17SH","117SH",1,1
"2021-04-22",1,"SH","17SH","217SH",1,1
"2021-04-22",1,"SH","17SH","317SH",1,1
"2021-04-22",1,"SH","18SH","118SH",1,1
"2021-04-22",1,"SH","18SH","218SH",1,1
"2021-04-22",1,"SH","18SH","318SH",1,1
"2021-04-22",1,"SH","19SH","119SH",1,1
"2021-04-22",1,"SH","19SH","219SH",1,1
"2021-04-22",1,"SH","19SH","319SH",1,1
"2021-04-22",1,"SH","20SH","120SH",1,1
"2021-04-22",1,"SH","20SH","220SH",1,1
"2021-04-22",1,"SH","20SH","320SH",1,1
"2021-04-22",1,"SH","21SH","121SH",1,1
"2021-04-22",1,"SH","21SH","221SH",1,1
"2021-04-22",1,"SH","21SH","321SH",1,1
"2021-04-22",1,"SH","22SH","122SH",1,1
"2021-04-22",1,"SH","22SH","222SH",1,1
"2021-04-22",1,"SH","22SH","322SH",1,1
"2021-04-22",1,"SH","23SH","123SH",1,1
"2021-04-22",1,"SH","23SH","223SH",1,1
"2021-04-22",1,"SH","23SH","323SH",1,1
"2021-04-22",1,"SH","24SH","124SH",1,1
"2021-04-22",1,"SH","24SH","224SH",1,1
"2021-04-22",1,"SH","24SH","324SH",1,1
"2021-04-29",2,"FL","1FL","11FL",1,1
"2021-04-29",2,"FL","1FL","21FL",1,1
"2021-04-29",2,"FL","1FL","31FL",1,1
"2021-04-29",2,"FL","2FL","12FL",1,1
"2021-04-29",2,"FL","2FL","22FL",1,1
"2021-04-29",2,"FL","2FL","32FL",1,1
"2021-04-29",2,"FL","3FL","13FL",1,1
"2021-04-29",2,"FL","3FL","23FL",1,1
"2021-04-29",2,"FL","3FL","33FL",1,1
"2021-04-29",2,"FL","4FL","14FL",1,1
"2021-04-29",2,"FL","4FL","24FL",1,1
"2021-04-29",2,"FL","4FL","34FL",1,1
"2021-04-29",2,"FL","5FL","15FL",1,1
"2021-04-29",2,"FL","5FL","25FL",1,1
"2021-04-29",2,"FL","5FL","35FL",1,1
"2021-04-29",2,"FL","6FL","16FL",1,1
"2021-04-29",2,"FL","6FL","26FL",1,1
"2021-04-29",2,"FL","6FL","36FL",1,1
"2021-04-29",2,"SH","1SH","11SH",1,1
"2021-04-29",2,"SH","1SH","21SH",1,1
"2021-04-29",2,"SH","1SH","31SH",1,1
"2021-04-29",2,"SH","2SH","12SH",1,1
"2021-04-29",2,"SH","2SH","22SH",1,1
"2021-04-29",2,"SH","2SH","32SH",1,1
"2021-04-29",2,"SH","3SH","13SH",1,1
"2021-04-29",2,"SH","3SH","23SH",1,1
"2021-04-29",2,"SH","3SH","33SH",1,1
"2021-04-29",2,"SH","4SH","14SH",1,1
"2021-04-29",2,"SH","4SH","24SH",1,1
"2021-04-29",2,"SH","4SH","34SH",1,1
"2021-04-29",2,"SH","5SH","15SH",1,1
"2021-04-29",2,"SH","5SH","25SH",1,1
"2021-04-29",2,"SH","5SH","35SH",1,1
"2021-04-29",2,"SH","6SH","16SH",1,1
"2021-04-29",2,"SH","6SH","26SH",1,1
"2021-04-29",2,"SH","6SH","36SH",1,1
"2021-04-29",2,"SH","7SH","17SH",1,1
"2021-04-29",2,"SH","7SH","27SH",1,1
"2021-04-29",2,"SH","7SH","37SH",1,1
"2021-04-29",2,"SH","8SH","18SH",1,1
"2021-04-29",2,"SH","8SH","28SH",1,1
"2021-04-29",2,"SH","8SH","38SH",1,1
"2021-04-29",2,"SH","9SH","19SH",1,1
"2021-04-29",2,"SH","9SH","29SH",1,1
"2021-04-29",2,"SH","9SH","39SH",1,1
"2021-04-29",2,"SH","10SH","110SH",1,1
"2021-04-29",2,"SH","10SH","210SH",1,1
"2021-04-29",2,"SH","10SH","310SH",1,1
"2021-04-29",2,"SH","11SH","111SH",1,1
"2021-04-29",2,"SH","11SH","211SH",1,1
"2021-04-29",2,"SH","11SH","311SH",1,1
"2021-04-29",2,"SH","12SH","112SH",1,1
"2021-04-29",2,"SH","12SH","212SH",1,1
"2021-04-29",2,"SH","12SH","312SH",1,1
"2021-04-29",2,"SH","13SH","113SH",1,1
"2021-04-29",2,"SH","13SH","213SH",1,1
"2021-04-29",2,"SH","13SH","313SH",1,1
"2021-04-29",2,"SH","14SH","114SH",1,1
"2021-04-29",2,"SH","14SH","214SH",1,1
"2021-04-29",2,"SH","14SH","314SH",1,1
"2021-04-29",2,"SH","15SH","115SH",1,1
"2021-04-29",2,"SH","15SH","215SH",1,1
"2021-04-29",2,"SH","15SH","315SH",1,1
"2021-04-29",2,"SH","16SH","116SH",1,1
"2021-04-29",2,"SH","16SH","216SH",1,1
"2021-04-29",2,"SH","16SH","316SH",1,1
"2021-04-29",2,"SH","17SH","117SH",1,1
"2021-04-29",2,"SH","17SH","217SH",1,1
"2021-04-29",2,"SH","17SH","317SH",1,1
"2021-04-29",2,"SH","18SH","118SH",1,1
"2021-04-29",2,"SH","18SH","218SH",1,1
"2021-04-29",2,"SH","18SH","318SH",1,1
"2021-04-29",2,"SH","19SH","119SH",1,1
"2021-04-29",2,"SH","19SH","219SH",1,1
"2021-04-29",2,"SH","19SH","319SH",1,1
"2021-04-29",2,"SH","20SH","120SH",1,1
"2021-04-29",2,"SH","20SH","220SH",1,1
"2021-04-29",2,"SH","20SH","320SH",1,1
"2021-04-29",2,"SH","21SH","121SH",1,1
"2021-04-29",2,"SH","21SH","221SH",1,1
"2021-04-29",2,"SH","21SH","321SH",1,1
"2021-04-29",2,"SH","22SH","122SH",1,1
"2021-04-29",2,"SH","22SH","222SH",1,1
"2021-04-29",2,"SH","22SH","322SH",1,1
"2021-04-29",2,"SH","23SH","123SH",1,1
"2021-04-29",2,"SH","23SH","223SH",1,1
"2021-04-29",2,"SH","23SH","323SH",1,1
"2021-04-29",2,"SH","24SH","124SH",1,1
"2021-04-29",2,"SH","24SH","224SH",1,1
"2021-04-29",2,"SH","24SH","324SH",1,1
"2021-05-06",3,"FL","1FL","11FL",2,3
"2021-05-06",3,"FL","1FL","21FL",3,3
"2021-05-06",3,"FL","1FL","31FL",2,3
"2021-05-06",3,"FL","2FL","12FL",3,3
"2021-05-06",3,"FL","2FL","22FL",4,3
"2021-05-06",3,"FL","2FL","32FL",5,3
"2021-05-06",3,"FL","3FL","13FL",4,3
"2021-05-06",3,"FL","3FL","23FL",3,3
"2021-05-06",3,"FL","3FL","33FL",3,3
"2021-05-06",3,"FL","4FL","14FL",3,3
"2021-05-06",3,"FL","4FL","24FL",3,3
"2021-05-06",3,"FL","4FL","34FL",5,3
"2021-05-06",3,"FL","5FL","15FL",3,3
"2021-05-06",3,"FL","5FL","25FL",4,3
"2021-05-06",3,"FL","5FL","35FL",3,3
"2021-05-06",3,"FL","6FL","16FL",4,3
"2021-05-06",3,"FL","6FL","26FL",5,3
"2021-05-06",3,"FL","6FL","36FL",4,3
"2021-05-06",3,"SH","1SH","11SH",3,3
"2021-05-06",3,"SH","1SH","21SH",4,3
"2021-05-06",3,"SH","1SH","31SH",5,3
"2021-05-06",3,"SH","2SH","12SH",4,3
"2021-05-06",3,"SH","2SH","22SH",4,3
"2021-05-06",3,"SH","2SH","32SH",3,3
"2021-05-06",3,"SH","3SH","13SH",4,3
"2021-05-06",3,"SH","3SH","23SH",5,3
"2021-05-06",3,"SH","3SH","33SH",3,3
"2021-05-06",3,"SH","4SH","14SH",5,3
"2021-05-06",3,"SH","4SH","24SH",4,3
"2021-05-06",3,"SH","4SH","34SH",3,3
"2021-05-06",3,"SH","5SH","15SH",5,3
"2021-05-06",3,"SH","5SH","25SH",4,3
"2021-05-06",3,"SH","5SH","35SH",4,3
"2021-05-06",3,"SH","6SH","16SH",3,3
"2021-05-06",3,"SH","6SH","26SH",4,3
"2021-05-06",3,"SH","6SH","36SH",4,3
"2021-05-06",3,"SH","7SH","17SH",3,3
"2021-05-06",3,"SH","7SH","27SH",4,3
"2021-05-06",3,"SH","7SH","37SH",3,3
"2021-05-06",3,"SH","8SH","18SH",4,3
"2021-05-06",3,"SH","8SH","28SH",3,3
"2021-05-06",3,"SH","8SH","38SH",5,3
"2021-05-06",3,"SH","9SH","19SH",4,3
"2021-05-06",3,"SH","9SH","29SH",5,3
"2021-05-06",3,"SH","9SH","39SH",3,3
"2021-05-06",3,"SH","10SH","110SH",4,3
"2021-05-06",3,"SH","10SH","210SH",5,3
"2021-05-06",3,"SH","10SH","310SH",4,3
"2021-05-06",3,"SH","11SH","111SH",3,3
"2021-05-06",3,"SH","11SH","211SH",5,3
"2021-05-06",3,"SH","11SH","311SH",4,3
"2021-05-06",3,"SH","12SH","112SH",5,3
"2021-05-06",3,"SH","12SH","212SH",4,3
"2021-05-06",3,"SH","12SH","312SH",5,3
"2021-05-06",3,"SH","13SH","113SH",3,3
"2021-05-06",3,"SH","13SH","213SH",4,3
"2021-05-06",3,"SH","13SH","313SH",3,3
"2021-05-06",3,"SH","14SH","114SH",3,3
"2021-05-06",3,"SH","14SH","214SH",3,3
"2021-05-06",3,"SH","14SH","314SH",4,3
"2021-05-06",3,"SH","15SH","115SH",4,3
"2021-05-06",3,"SH","15SH","215SH",4,3
"2021-05-06",3,"SH","15SH","315SH",3,3
"2021-05-06",3,"SH","16SH","116SH",4,3
"2021-05-06",3,"SH","16SH","216SH",3,3
"2021-05-06",3,"SH","16SH","316SH",3,3
"2021-05-06",3,"SH","17SH","117SH",3,3
"2021-05-06",3,"SH","17SH","217SH",2,3
"2021-05-06",3,"SH","17SH","317SH",3,3
"2021-05-06",3,"SH","18SH","118SH",2,3
"2021-05-06",3,"SH","18SH","218SH",2,3
"2021-05-06",3,"SH","18SH","318SH",4,3
"2021-05-06",3,"SH","19SH","119SH",3,3
"2021-05-06",3,"SH","19SH","219SH",4,3
"2021-05-06",3,"SH","19SH","319SH",4,3
"2021-05-06",3,"SH","20SH","120SH",5,3
"2021-05-06",3,"SH","20SH","220SH",4,3
"2021-05-06",3,"SH","20SH","320SH",4,3
"2021-05-06",3,"SH","21SH","121SH",4,3
"2021-05-06",3,"SH","21SH","221SH",2,3
"2021-05-06",3,"SH","21SH","321SH",3,3
"2021-05-06",3,"SH","22SH","122SH",2,3
"2021-05-06",3,"SH","22SH","222SH",3,3
"2021-05-06",3,"SH","22SH","322SH",2,3
"2021-05-06",3,"SH","23SH","123SH",3,3
"2021-05-06",3,"SH","23SH","223SH",2,3
"2021-05-06",3,"SH","23SH","323SH",4,3
"2021-05-06",3,"SH","24SH","124SH",5,3
"2021-05-06",3,"SH","24SH","224SH",4,3
"2021-05-06",3,"SH","24SH","324SH",3,3
"2021-05-13",4,"FL","1FL","11FL",7,6
"2021-05-13",4,"FL","1FL","21FL",6,7
"2021-05-13",4,"FL","1FL","31FL",7,7
"2021-05-13",4,"FL","2FL","12FL",6,6
"2021-05-13",4,"FL","2FL","22FL",8,7
"2021-05-13",4,"FL","2FL","32FL",5,6
"2021-05-13",4,"FL","3FL","13FL",6,8
"2021-05-13",4,"FL","3FL","23FL",9,6
"2021-05-13",4,"FL","3FL","33FL",6,6
"2021-05-13",4,"FL","4FL","14FL",8,6
"2021-05-13",4,"FL","4FL","24FL",9,7
"2021-05-13",4,"FL","4FL","34FL",8,6
"2021-05-13",4,"FL","5FL","15FL",7,7
"2021-05-13",4,"FL","5FL","25FL",6,6
"2021-05-13",4,"FL","5FL","35FL",6,6
"2021-05-13",4,"FL","6FL","16FL",7,7
"2021-05-13",4,"FL","6FL","26FL",6,7
"2021-05-13",4,"FL","6FL","36FL",6,6
"2021-05-13",4,"SH","1SH","11SH",6,5
"2021-05-13",4,"SH","1SH","21SH",5,6
"2021-05-13",4,"SH","1SH","31SH",7,5
"2021-05-13",4,"SH","2SH","12SH",7,7
"2021-05-13",4,"SH","2SH","22SH",6,6
"2021-05-13",4,"SH","2SH","32SH",5,5
"2021-05-13",4,"SH","3SH","13SH",6,7
"2021-05-13",4,"SH","3SH","23SH",6,8
"2021-05-13",4,"SH","3SH","33SH",7,6
"2021-05-13",4,"SH","4SH","14SH",5,6
"2021-05-13",4,"SH","4SH","24SH",5,8
"2021-05-13",4,"SH","4SH","34SH",6,6
"2021-05-13",4,"SH","5SH","15SH",7,7
"2021-05-13",4,"SH","5SH","25SH",6,6
"2021-05-13",4,"SH","5SH","35SH",6,6
"2021-05-13",4,"SH","6SH","16SH",6,6
"2021-05-13",4,"SH","6SH","26SH",7,5
"2021-05-13",4,"SH","6SH","36SH",6,6
"2021-05-13",4,"SH","7SH","17SH",8,8
"2021-05-13",4,"SH","7SH","27SH",8,8
"2021-05-13",4,"SH","7SH","37SH",7,8
"2021-05-13",4,"SH","8SH","18SH",5,6
"2021-05-13",4,"SH","8SH","28SH",5,5
"2021-05-13",4,"SH","8SH","38SH",5,6
"2021-05-13",4,"SH","9SH","19SH",6,6
"2021-05-13",4,"SH","9SH","29SH",5,7
"2021-05-13",4,"SH","9SH","39SH",7,6
"2021-05-13",4,"SH","10SH","110SH",6,6
"2021-05-13",4,"SH","10SH","210SH",7,7
"2021-05-13",4,"SH","10SH","310SH",5,6
"2021-05-13",4,"SH","11SH","111SH",6,6
"2021-05-13",4,"SH","11SH","211SH",6,7
"2021-05-13",4,"SH","11SH","311SH",5,6
"2021-05-13",4,"SH","12SH","112SH",7,6
"2021-05-13",4,"SH","12SH","212SH",6,7
"2021-05-13",4,"SH","12SH","312SH",5,6
"2021-05-13",4,"SH","13SH","113SH",7,6
"2021-05-13",4,"SH","13SH","213SH",5,7
"2021-05-13",4,"SH","13SH","313SH",5,7
"2021-05-13",4,"SH","14SH","114SH",6,6
"2021-05-13",4,"SH","14SH","214SH",5,7
"2021-05-13",4,"SH","14SH","314SH",6,6
"2021-05-13",4,"SH","15SH","115SH",7,6
"2021-05-13",4,"SH","15SH","215SH",7,6
"2021-05-13",4,"SH","15SH","315SH",6,6
"2021-05-13",4,"SH","16SH","116SH",7,7
"2021-05-13",4,"SH","16SH","216SH",5,6
"2021-05-13",4,"SH","16SH","316SH",6,6
"2021-05-13",4,"SH","17SH","117SH",5,7
"2021-05-13",4,"SH","17SH","217SH",6,6
"2021-05-13",4,"SH","17SH","317SH",7,6
"2021-05-13",4,"SH","18SH","118SH",7,7
"2021-05-13",4,"SH","18SH","218SH",5,6
"2021-05-13",4,"SH","18SH","318SH",6,6
"2021-05-13",4,"SH","19SH","119SH",5,6
"2021-05-13",4,"SH","19SH","219SH",6,7
"2021-05-13",4,"SH","19SH","319SH",6,7
"2021-05-13",4,"SH","20SH","120SH",7,6
"2021-05-13",4,"SH","20SH","220SH",6,6
"2021-05-13",4,"SH","20SH","320SH",6,7
"2021-05-13",4,"SH","21SH","121SH",5,6
"2021-05-13",4,"SH","21SH","221SH",7,6
"2021-05-13",4,"SH","21SH","321SH",6,7
"2021-05-13",4,"SH","22SH","122SH",6,6
"2021-05-13",4,"SH","22SH","222SH",7,6
"2021-05-13",4,"SH","22SH","322SH",6,7
"2021-05-13",4,"SH","23SH","123SH",7,7
"2021-05-13",4,"SH","23SH","223SH",5,7
"2021-05-13",4,"SH","23SH","323SH",7,6
"2021-05-13",4,"SH","24SH","124SH",6,6
"2021-05-13",4,"SH","24SH","224SH",6,6
"2021-05-13",4,"SH","24SH","324SH",7,7
"2021-05-20",5,"FL","1FL","11FL",7,10
"2021-05-20",5,"FL","1FL","21FL",9,8
"2021-05-20",5,"FL","1FL","31FL",8,9
"2021-05-20",5,"FL","2FL","12FL",7,8
"2021-05-20",5,"FL","2FL","22FL",9,7
"2021-05-20",5,"FL","2FL","32FL",8,8
"2021-05-20",5,"FL","3FL","13FL",10,8
"2021-05-20",5,"FL","3FL","23FL",8,10
"2021-05-20",5,"FL","3FL","33FL",8,9
"2021-05-20",5,"FL","4FL","14FL",10,10
"2021-05-20",5,"FL","4FL","24FL",9,7
"2021-05-20",5,"FL","4FL","34FL",9,7
"2021-05-20",5,"FL","5FL","15FL",8,8
"2021-05-20",5,"FL","5FL","25FL",7,9
"2021-05-20",5,"FL","5FL","35FL",7,10
"2021-05-20",5,"FL","6FL","16FL",8,11
"2021-05-20",5,"FL","6FL","26FL",8,9
"2021-05-20",5,"FL","6FL","36FL",7,7
"2021-05-20",5,"SH","1SH","11SH",8,8
"2021-05-20",5,"SH","1SH","21SH",9,9
"2021-05-20",5,"SH","1SH","31SH",8,9
"2021-05-20",5,"SH","2SH","12SH",8,8
"2021-05-20",5,"SH","2SH","22SH",7,10
"2021-05-20",5,"SH","2SH","32SH",8,10
"2021-05-20",5,"SH","3SH","13SH",7,10
"2021-05-20",5,"SH","3SH","23SH",9,9
"2021-05-20",5,"SH","3SH","33SH",7,8
"2021-05-20",5,"SH","4SH","14SH",10,9
"2021-05-20",5,"SH","4SH","24SH",8,9
"2021-05-20",5,"SH","4SH","34SH",8,9
"2021-05-20",5,"SH","5SH","15SH",9,10
"2021-05-20",5,"SH","5SH","25SH",10,9
"2021-05-20",5,"SH","5SH","35SH",8,11
"2021-05-20",5,"SH","6SH","16SH",9,9
"2021-05-20",5,"SH","6SH","26SH",9,9
"2021-05-20",5,"SH","6SH","36SH",8,11
"2021-05-20",5,"SH","7SH","17SH",9,10
"2021-05-20",5,"SH","7SH","27SH",10,12
"2021-05-20",5,"SH","7SH","37SH",11,12
"2021-05-20",5,"SH","8SH","18SH",9,10
"2021-05-20",5,"SH","8SH","28SH",10,9
"2021-05-20",5,"SH","8SH","38SH",8,9
"2021-05-20",5,"SH","9SH","19SH",10,8
"2021-05-20",5,"SH","9SH","29SH",7,9
"2021-05-20",5,"SH","9SH","39SH",8,8
"2021-05-20",5,"SH","10SH","110SH",8,11
"2021-05-20",5,"SH","10SH","210SH",9,9
"2021-05-20",5,"SH","10SH","310SH",9,9
"2021-05-20",5,"SH","11SH","111SH",8,8
"2021-05-20",5,"SH","11SH","211SH",8,9
"2021-05-20",5,"SH","11SH","311SH",9,9
"2021-05-20",5,"SH","12SH","112SH",7,10
"2021-05-20",5,"SH","12SH","212SH",8,8
"2021-05-20",5,"SH","12SH","312SH",8,8
"2021-05-20",5,"SH","13SH","113SH",7,12
"2021-05-20",5,"SH","13SH","213SH",8,9
"2021-05-20",5,"SH","13SH","313SH",10,9
"2021-05-20",5,"SH","14SH","114SH",8,11
"2021-05-20",5,"SH","14SH","214SH",8,9
"2021-05-20",5,"SH","14SH","314SH",9,7
"2021-05-20",5,"SH","15SH","115SH",9,9
"2021-05-20",5,"SH","15SH","215SH",8,9
"2021-05-20",5,"SH","15SH","315SH",8,8
"2021-05-20",5,"SH","16SH","116SH",9,7
"2021-05-20",5,"SH","16SH","216SH",9,9
"2021-05-20",5,"SH","16SH","316SH",8,9
"2021-05-20",5,"SH","17SH","117SH",8,11
"2021-05-20",5,"SH","17SH","217SH",7,8
"2021-05-20",5,"SH","17SH","317SH",7,9
"2021-05-20",5,"SH","18SH","118SH",8,10
"2021-05-20",5,"SH","18SH","218SH",10,10
"2021-05-20",5,"SH","18SH","318SH",9,9
"2021-05-20",5,"SH","19SH","119SH",10,9
"2021-05-20",5,"SH","19SH","219SH",9,10
"2021-05-20",5,"SH","19SH","319SH",7,9
"2021-05-20",5,"SH","20SH","120SH",10,10
"2021-05-20",5,"SH","20SH","220SH",10,9
"2021-05-20",5,"SH","20SH","320SH",9,9
"2021-05-20",5,"SH","21SH","121SH",8,11
"2021-05-20",5,"SH","21SH","221SH",11,8
"2021-05-20",5,"SH","21SH","321SH",10,8
"2021-05-20",5,"SH","22SH","122SH",8,9
"2021-05-20",5,"SH","22SH","222SH",9,10
"2021-05-20",5,"SH","22SH","322SH",9,8
"2021-05-20",5,"SH","23SH","123SH",7,8
"2021-05-20",5,"SH","23SH","223SH",9,10
"2021-05-20",5,"SH","23SH","323SH",9,8
"2021-05-20",5,"SH","24SH","124SH",10,10
"2021-05-20",5,"SH","24SH","224SH",8,8
"2021-05-20",5,"SH","24SH","324SH",9,8
"2021-05-27",6,"FL","1FL","11FL",10,15
"2021-05-27",6,"FL","1FL","21FL",9,14
"2021-05-27",6,"FL","1FL","31FL",14,15
"2021-05-27",6,"FL","2FL","12FL",12,16
"2021-05-27",6,"FL","2FL","22FL",14,14
"2021-05-27",6,"FL","2FL","32FL",13,16
"2021-05-27",6,"FL","3FL","13FL",11,14
"2021-05-27",6,"FL","3FL","23FL",10,13
"2021-05-27",6,"FL","3FL","33FL",13,14
"2021-05-27",6,"FL","4FL","14FL",12,14
"2021-05-27",6,"FL","4FL","24FL",11,15
"2021-05-27",6,"FL","4FL","34FL",10,15
"2021-05-27",6,"FL","5FL","15FL",13,14
"2021-05-27",6,"FL","5FL","25FL",12,15
"2021-05-27",6,"FL","5FL","35FL",11,14
"2021-05-27",6,"FL","6FL","16FL",12,13
"2021-05-27",6,"FL","6FL","26FL",10,12
"2021-05-27",6,"FL","6FL","36FL",11,13
"2021-05-27",6,"SH","1SH","11SH",12,15
"2021-05-27",6,"SH","1SH","21SH",14,14
"2021-05-27",6,"SH","1SH","31SH",11,14
"2021-05-27",6,"SH","2SH","12SH",13,15
"2021-05-27",6,"SH","2SH","22SH",11,15
"2021-05-27",6,"SH","2SH","32SH",10,14
"2021-05-27",6,"SH","3SH","13SH",12,15
"2021-05-27",6,"SH","3SH","23SH",13,16
"2021-05-27",6,"SH","3SH","33SH",13,15
"2021-05-27",6,"SH","4SH","14SH",11,14
"2021-05-27",6,"SH","4SH","24SH",12,11
"2021-05-27",6,"SH","4SH","34SH",11,13
"2021-05-27",6,"SH","5SH","15SH",13,14
"2021-05-27",6,"SH","5SH","25SH",10,13
"2021-05-27",6,"SH","5SH","35SH",12,13
"2021-05-27",6,"SH","6SH","16SH",15,12
"2021-05-27",6,"SH","6SH","26SH",11,12
"2021-05-27",6,"SH","6SH","36SH",13,14
"2021-05-27",6,"SH","7SH","17SH",15,16
"2021-05-27",6,"SH","7SH","27SH",17,17
"2021-05-27",6,"SH","7SH","37SH",16,16
"2021-05-27",6,"SH","8SH","18SH",12,15
"2021-05-27",6,"SH","8SH","28SH",10,14
"2021-05-27",6,"SH","8SH","38SH",13,14
"2021-05-27",6,"SH","9SH","19SH",14,15
"2021-05-27",6,"SH","9SH","29SH",10,14
"2021-05-27",6,"SH","9SH","39SH",12,13
"2021-05-27",6,"SH","10SH","110SH",13,13
"2021-05-27",6,"SH","10SH","210SH",12,12
"2021-05-27",6,"SH","10SH","310SH",14,14
"2021-05-27",6,"SH","11SH","111SH",12,14
"2021-05-27",6,"SH","11SH","211SH",13,14
"2021-05-27",6,"SH","11SH","311SH",13,14
"2021-05-27",6,"SH","12SH","112SH",14,16
"2021-05-27",6,"SH","12SH","212SH",12,14
"2021-05-27",6,"SH","12SH","312SH",12,15
"2021-05-27",6,"SH","13SH","113SH",11,14
"2021-05-27",6,"SH","13SH","213SH",10,12
"2021-05-27",6,"SH","13SH","313SH",12,14
"2021-05-27",6,"SH","14SH","114SH",13,12
"2021-05-27",6,"SH","14SH","214SH",11,12
"2021-05-27",6,"SH","14SH","314SH",13,13
"2021-05-27",6,"SH","15SH","115SH",12,13
"2021-05-27",6,"SH","15SH","215SH",14,13
"2021-05-27",6,"SH","15SH","315SH",13,14
"2021-05-27",6,"SH","16SH","116SH",11,15
"2021-05-27",6,"SH","16SH","216SH",12,14
"2021-05-27",6,"SH","16SH","316SH",14,14
"2021-05-27",6,"SH","17SH","117SH",12,12
"2021-05-27",6,"SH","17SH","217SH",13,14
"2021-05-27",6,"SH","17SH","317SH",11,14
"2021-05-27",6,"SH","18SH","118SH",12,14
"2021-05-27",6,"SH","18SH","218SH",13,14
"2021-05-27",6,"SH","18SH","318SH",13,16
"2021-05-27",6,"SH","19SH","119SH",11,12
"2021-05-27",6,"SH","19SH","219SH",14,13
"2021-05-27",6,"SH","19SH","319SH",12,12
"2021-05-27",6,"SH","20SH","120SH",13,13
"2021-05-27",6,"SH","20SH","220SH",14,12
"2021-05-27",6,"SH","20SH","320SH",15,14
"2021-05-27",6,"SH","21SH","121SH",11,15
"2021-05-27",6,"SH","21SH","221SH",12,14
"2021-05-27",6,"SH","21SH","321SH",13,12
"2021-05-27",6,"SH","22SH","122SH",11,12
"2021-05-27",6,"SH","22SH","222SH",13,14
"2021-05-27",6,"SH","22SH","322SH",14,12
"2021-05-27",6,"SH","23SH","123SH",12,12
"2021-05-27",6,"SH","23SH","223SH",13,14
"2021-05-27",6,"SH","23SH","323SH",11,13
"2021-05-27",6,"SH","24SH","124SH",13,13
"2021-05-27",6,"SH","24SH","224SH",11,12
"2021-05-27",6,"SH","24SH","324SH",11,12
"2021-06-03",7,"FL","1FL","11FL",17,18
"2021-06-03",7,"FL","1FL","21FL",16,21
"2021-06-03",7,"FL","1FL","31FL",15,20
"2021-06-03",7,"FL","2FL","12FL",16,21
"2021-06-03",7,"FL","2FL","22FL",14,18
"2021-06-03",7,"FL","2FL","32FL",15,19
"2021-06-03",7,"FL","3FL","13FL",14,21
"2021-06-03",7,"FL","3FL","23FL",16,18
"2021-06-03",7,"FL","3FL","33FL",14,17
"2021-06-03",7,"FL","4FL","14FL",15,17
"2021-06-03",7,"FL","4FL","24FL",14,17
"2021-06-03",7,"FL","4FL","34FL",15,18
"2021-06-03",7,"FL","5FL","15FL",12,19
"2021-06-03",7,"FL","5FL","25FL",15,18
"2021-06-03",7,"FL","5FL","35FL",14,17
"2021-06-03",7,"FL","6FL","16FL",16,18
"2021-06-03",7,"FL","6FL","26FL",15,19
"2021-06-03",7,"FL","6FL","36FL",15,19
"2021-06-03",7,"SH","1SH","11SH",16,17
"2021-06-03",7,"SH","1SH","21SH",15,18
"2021-06-03",7,"SH","1SH","31SH",15,19
"2021-06-03",7,"SH","2SH","12SH",17,17
"2021-06-03",7,"SH","2SH","22SH",15,17
"2021-06-03",7,"SH","2SH","32SH",16,17
"2021-06-03",7,"SH","3SH","13SH",16,19
"2021-06-03",7,"SH","3SH","23SH",15,19
"2021-06-03",7,"SH","3SH","33SH",15,19
"2021-06-03",7,"SH","4SH","14SH",14,18
"2021-06-03",7,"SH","4SH","24SH",15,18
"2021-06-03",7,"SH","4SH","34SH",14,18
"2021-06-03",7,"SH","5SH","15SH",13,18
"2021-06-03",7,"SH","5SH","25SH",14,19
"2021-06-03",7,"SH","5SH","35SH",15,19
"2021-06-03",7,"SH","6SH","16SH",17,17
"2021-06-03",7,"SH","6SH","26SH",15,18
"2021-06-03",7,"SH","6SH","36SH",16,18
"2021-06-03",7,"SH","7SH","17SH",18,21
"2021-06-03",7,"SH","7SH","27SH",19,22
"2021-06-03",7,"SH","7SH","37SH",19,21
"2021-06-03",7,"SH","8SH","18SH",14,20
"2021-06-03",7,"SH","8SH","28SH",15,21
"2021-06-03",7,"SH","8SH","38SH",14,19
"2021-06-03",7,"SH","9SH","19SH",15,20
"2021-06-03",7,"SH","9SH","29SH",16,20
"2021-06-03",7,"SH","9SH","39SH",16,20
"2021-06-03",7,"SH","10SH","110SH",16,19
"2021-06-03",7,"SH","10SH","210SH",14,18
"2021-06-03",7,"SH","10SH","310SH",16,18
"2021-06-03",7,"SH","11SH","111SH",15,19
"2021-06-03",7,"SH","11SH","211SH",14,17
"2021-06-03",7,"SH","11SH","311SH",15,17
"2021-06-03",7,"SH","12SH","112SH",16,18
"2021-06-03",7,"SH","12SH","212SH",15,17
"2021-06-03",7,"SH","12SH","312SH",14,19
"2021-06-03",7,"SH","13SH","113SH",14,18
"2021-06-03",7,"SH","13SH","213SH",15,18
"2021-06-03",7,"SH","13SH","313SH",14,17
"2021-06-03",7,"SH","14SH","114SH",16,18
"2021-06-03",7,"SH","14SH","214SH",16,17
"2021-06-03",7,"SH","14SH","314SH",15,17
"2021-06-03",7,"SH","15SH","115SH",15,19
"2021-06-03",7,"SH","15SH","215SH",14,20
"2021-06-03",7,"SH","15SH","315SH",16,19
"2021-06-03",7,"SH","16SH","116SH",16,19
"2021-06-03",7,"SH","16SH","216SH",14,17
"2021-06-03",7,"SH","16SH","316SH",15,19
"2021-06-03",7,"SH","17SH","117SH",16,18
"2021-06-03",7,"SH","17SH","217SH",15,18
"2021-06-03",7,"SH","17SH","317SH",13,18
"2021-06-03",7,"SH","18SH","118SH",17,16
"2021-06-03",7,"SH","18SH","218SH",14,17
"2021-06-03",7,"SH","18SH","318SH",14,17
"2021-06-03",7,"SH","19SH","119SH",15,18
"2021-06-03",7,"SH","19SH","219SH",15,17
"2021-06-03",7,"SH","19SH","319SH",16,17
"2021-06-03",7,"SH","20SH","120SH",16,20
"2021-06-03",7,"SH","20SH","220SH",14,20
"2021-06-03",7,"SH","20SH","320SH",18,19
"2021-06-03",7,"SH","21SH","121SH",14,20
"2021-06-03",7,"SH","21SH","221SH",14,18
"2021-06-03",7,"SH","21SH","321SH",14,18
"2021-06-03",7,"SH","22SH","122SH",15,17
"2021-06-03",7,"SH","22SH","222SH",14,18
"2021-06-03",7,"SH","22SH","322SH",15,19
"2021-06-03",7,"SH","23SH","123SH",14,18
"2021-06-03",7,"SH","23SH","223SH",17,19
"2021-06-03",7,"SH","23SH","323SH",16,19
"2021-06-03",7,"SH","24SH","124SH",16,20
"2021-06-03",7,"SH","24SH","224SH",16,19
"2021-06-03",7,"SH","24SH","324SH",14,19
"2021-06-10",8,"FL","1FL","11FL",19,20
"2021-06-10",8,"FL","1FL","21FL",18,19
"2021-06-10",8,"FL","1FL","31FL",17,19
"2021-06-10",8,"FL","2FL","12FL",20,18
"2021-06-10",8,"FL","2FL","22FL",21,17
"2021-06-10",8,"FL","2FL","32FL",20,18
"2021-06-10",8,"FL","3FL","13FL",18,19
"2021-06-10",8,"FL","3FL","23FL",19,20
"2021-06-10",8,"FL","3FL","33FL",21,21
"2021-06-10",8,"FL","4FL","14FL",20,19
"2021-06-10",8,"FL","4FL","24FL",22,20
"2021-06-10",8,"FL","4FL","34FL",20,21
"2021-06-10",8,"FL","5FL","15FL",19,18
"2021-06-10",8,"FL","5FL","25FL",19,19
"2021-06-10",8,"FL","5FL","35FL",19,20
"2021-06-10",8,"FL","6FL","16FL",20,20
"2021-06-10",8,"FL","6FL","26FL",21,21
"2021-06-10",8,"FL","6FL","36FL",20,20
"2021-06-10",8,"SH","1SH","11SH",22,20
"2021-06-10",8,"SH","1SH","21SH",20,21
"2021-06-10",8,"SH","1SH","31SH",21,20
"2021-06-10",8,"SH","2SH","12SH",24,25
"2021-06-10",8,"SH","2SH","22SH",23,24
"2021-06-10",8,"SH","2SH","32SH",22,24
"2021-06-10",8,"SH","3SH","13SH",20,21
"2021-06-10",8,"SH","3SH","23SH",20,23
"2021-06-10",8,"SH","3SH","33SH",21,25
"2021-06-10",8,"SH","4SH","14SH",20,20
"2021-06-10",8,"SH","4SH","24SH",22,20
"2021-06-10",8,"SH","4SH","34SH",21,14
"2021-06-10",8,"SH","5SH","15SH",22,22
"2021-06-10",8,"SH","5SH","25SH",23,23
"2021-06-10",8,"SH","5SH","35SH",21,25
"2021-06-10",8,"SH","6SH","16SH",24,20
"2021-06-10",8,"SH","6SH","26SH",22,18
"2021-06-10",8,"SH","6SH","36SH",21,19
"2021-06-10",8,"SH","7SH","17SH",24,19
"2021-06-10",8,"SH","7SH","27SH",24,20
"2021-06-10",8,"SH","7SH","37SH",25,22
"2021-06-10",8,"SH","8SH","18SH",20,22
"2021-06-10",8,"SH","8SH","28SH",23,24
"2021-06-10",8,"SH","8SH","38SH",21,26
"2021-06-10",8,"SH","9SH","19SH",21,25
"2021-06-10",8,"SH","9SH","29SH",22,24
"2021-06-10",8,"SH","9SH","39SH",20,22
"2021-06-10",8,"SH","10SH","110SH",23,20
"2021-06-10",8,"SH","10SH","210SH",23,24
"2021-06-10",8,"SH","10SH","310SH",20,24
"2021-06-10",8,"SH","11SH","111SH",21,18
"2021-06-10",8,"SH","11SH","211SH",20,19
"2021-06-10",8,"SH","11SH","311SH",21,20
"2021-06-10",8,"SH","12SH","112SH",20,21
"2021-06-10",8,"SH","12SH","212SH",22,21
"2021-06-10",8,"SH","12SH","312SH",21,22
"2021-06-10",8,"SH","13SH","113SH",23,20
"2021-06-10",8,"SH","13SH","213SH",22,24
"2021-06-10",8,"SH","13SH","313SH",21,24
"2021-06-10",8,"SH","14SH","114SH",23,24
"2021-06-10",8,"SH","14SH","214SH",21,20
"2021-06-10",8,"SH","14SH","314SH",24,21
"2021-06-10",8,"SH","15SH","115SH",24,19
"2021-06-10",8,"SH","15SH","215SH",22,19
"2021-06-10",8,"SH","15SH","315SH",21,17
"2021-06-10",8,"SH","16SH","116SH",22,17
"2021-06-10",8,"SH","16SH","216SH",21,18
"2021-06-10",8,"SH","16SH","316SH",23,18
"2021-06-10",8,"SH","17SH","117SH",20,19
"2021-06-10",8,"SH","17SH","217SH",21,25
"2021-06-10",8,"SH","17SH","317SH",21,17
"2021-06-10",8,"SH","18SH","118SH",23,24
"2021-06-10",8,"SH","18SH","218SH",24,24
"2021-06-10",8,"SH","18SH","318SH",23,20
"2021-06-10",8,"SH","19SH","119SH",22,21
"2021-06-10",8,"SH","19SH","219SH",21,20
"2021-06-10",8,"SH","19SH","319SH",23,20
"2021-06-10",8,"SH","20SH","120SH",21,20
"2021-06-10",8,"SH","20SH","220SH",20,21
"2021-06-10",8,"SH","20SH","320SH",20,25
"2021-06-10",8,"SH","21SH","121SH",21,24
"2021-06-10",8,"SH","21SH","221SH",23,24
"2021-06-10",8,"SH","21SH","321SH",20,20
"2021-06-10",8,"SH","22SH","122SH",22,22
"2021-06-10",8,"SH","22SH","222SH",23,23
"2021-06-10",8,"SH","22SH","322SH",21,22
"2021-06-10",8,"SH","23SH","123SH",20,24
"2021-06-10",8,"SH","23SH","223SH",21,23
"2021-06-10",8,"SH","23SH","323SH",22,18
"2021-06-10",8,"SH","24SH","124SH",24,18
"2021-06-10",8,"SH","24SH","224SH",20,19
"2021-06-10",8,"SH","24SH","324SH",21,20
"2021-06-17",9,"FL","1FL","11FL",25,27
"2021-06-17",9,"FL","1FL","21FL",20,23
"2021-06-17",9,"FL","1FL","31FL",22,24
"2021-06-17",9,"FL","2FL","12FL",21,20
"2021-06-17",9,"FL","2FL","22FL",25,25
"2021-06-17",9,"FL","2FL","32FL",24,25
"2021-06-17",9,"FL","3FL","13FL",26,24
"2021-06-17",9,"FL","3FL","23FL",26,26
"2021-06-17",9,"FL","3FL","33FL",22,27
"2021-06-17",9,"FL","4FL","14FL",20,26
"2021-06-17",9,"FL","4FL","24FL",24,25
"2021-06-17",9,"FL","4FL","34FL",23,28
"2021-06-17",9,"FL","5FL","15FL",21,26
"2021-06-17",9,"FL","5FL","25FL",22,27
"2021-06-17",9,"FL","5FL","35FL",25,26
"2021-06-17",9,"FL","6FL","16FL",24,25
"2021-06-17",9,"FL","6FL","26FL",23,26
"2021-06-17",9,"FL","6FL","36FL",25,26
"2021-06-17",9,"SH","1SH","11SH",25,26
"2021-06-17",9,"SH","1SH","21SH",21,27
"2021-06-17",9,"SH","1SH","31SH",22,24
"2021-06-17",9,"SH","2SH","12SH",25,26
"2021-06-17",9,"SH","2SH","22SH",21,26
"2021-06-17",9,"SH","2SH","32SH",23,27
"2021-06-17",9,"SH","3SH","13SH",25,28
"2021-06-17",9,"SH","3SH","23SH",23,28
"2021-06-17",9,"SH","3SH","33SH",24,27
"2021-06-17",9,"SH","4SH","14SH",25,26
"2021-06-17",9,"SH","4SH","24SH",24,23
"2021-06-17",9,"SH","4SH","34SH",22,28
"2021-06-17",9,"SH","5SH","15SH",27,22
"2021-06-17",9,"SH","5SH","25SH",23,21
"2021-06-17",9,"SH","5SH","35SH",22,22
"2021-06-17",9,"SH","6SH","16SH",24,25
"2021-06-17",9,"SH","6SH","26SH",22,21
"2021-06-17",9,"SH","6SH","36SH",21,20
"2021-06-17",9,"SH","7SH","17SH",24,25
"2021-06-17",9,"SH","7SH","27SH",25,25
"2021-06-17",9,"SH","7SH","37SH",25,24
"2021-06-17",9,"SH","8SH","18SH",21,21
"2021-06-17",9,"SH","8SH","28SH",23,22
"2021-06-17",9,"SH","8SH","38SH",23,21
"2021-06-17",9,"SH","9SH","19SH",24,20
"2021-06-17",9,"SH","9SH","29SH",24,25
"2021-06-17",9,"SH","9SH","39SH",25,20
"2021-06-17",9,"SH","10SH","110SH",22,21
"2021-06-17",9,"SH","10SH","210SH",24,21
"2021-06-17",9,"SH","10SH","310SH",23,23
"2021-06-17",9,"SH","11SH","111SH",22,21
"2021-06-17",9,"SH","11SH","211SH",21,23
"2021-06-17",9,"SH","11SH","311SH",23,23
"2021-06-17",9,"SH","12SH","112SH",23,21
"2021-06-17",9,"SH","12SH","212SH",24,24
"2021-06-17",9,"SH","12SH","312SH",24,26
"2021-06-17",9,"SH","13SH","113SH",21,21
"2021-06-17",9,"SH","13SH","213SH",24,21
"2021-06-17",9,"SH","13SH","313SH",25,23
"2021-06-17",9,"SH","14SH","114SH",27,24
"2021-06-17",9,"SH","14SH","214SH",26,21
"2021-06-17",9,"SH","14SH","314SH",24,22
"2021-06-17",9,"SH","15SH","115SH",23,23
"2021-06-17",9,"SH","15SH","215SH",22,24
"2021-06-17",9,"SH","15SH","315SH",24,23
"2021-06-17",9,"SH","16SH","116SH",26,25
"2021-06-17",9,"SH","16SH","216SH",26,25
"2021-06-17",9,"SH","16SH","316SH",24,21
"2021-06-17",9,"SH","17SH","117SH",25,22
"2021-06-17",9,"SH","17SH","217SH",25,24
"2021-06-17",9,"SH","17SH","317SH",27,21
"2021-06-17",9,"SH","18SH","118SH",24,24
"2021-06-17",9,"SH","18SH","218SH",23,23
"2021-06-17",9,"SH","18SH","318SH",21,23
"2021-06-17",9,"SH","19SH","119SH",23,21
"2021-06-17",9,"SH","19SH","219SH",23,22
"2021-06-17",9,"SH","19SH","319SH",24,23
"2021-06-17",9,"SH","20SH","120SH",26,24
"2021-06-17",9,"SH","20SH","220SH",22,24
"2021-06-17",9,"SH","20SH","320SH",24,21
"2021-06-17",9,"SH","21SH","121SH",22,20
"2021-06-17",9,"SH","21SH","221SH",23,21
"2021-06-17",9,"SH","21SH","321SH",24,26
"2021-06-17",9,"SH","22SH","122SH",23,22
"2021-06-17",9,"SH","22SH","222SH",24,23
"2021-06-17",9,"SH","22SH","322SH",24,25
"2021-06-17",9,"SH","23SH","123SH",22,25
"2021-06-17",9,"SH","23SH","223SH",23,21
"2021-06-17",9,"SH","23SH","323SH",23,24
"2021-06-17",9,"SH","24SH","124SH",24,21
"2021-06-17",9,"SH","24SH","224SH",24,22
"2021-06-17",9,"SH","24SH","324SH",22,20
"2021-06-24",10,"FL","1FL","11FL",35,33
"2021-06-24",10,"FL","1FL","21FL",35,40
"2021-06-24",10,"FL","1FL","31FL",28,45
"2021-06-24",10,"FL","2FL","12FL",27,42
"2021-06-24",10,"FL","2FL","22FL",45,50
"2021-06-24",10,"FL","2FL","32FL",50,52
"2021-06-24",10,"FL","3FL","13FL",36,35
"2021-06-24",10,"FL","3FL","23FL",38,37
"2021-06-24",10,"FL","3FL","33FL",27,36
"2021-06-24",10,"FL","4FL","14FL",25,39
"2021-06-24",10,"FL","4FL","24FL",33,28
"2021-06-24",10,"FL","4FL","34FL",38,29
"2021-06-24",10,"FL","5FL","15FL",39,34
"2021-06-24",10,"FL","5FL","25FL",26,34
"2021-06-24",10,"FL","5FL","35FL",25,29
"2021-06-24",10,"FL","6FL","16FL",26,30
"2021-06-24",10,"FL","6FL","26FL",27,25
"2021-06-24",10,"FL","6FL","36FL",29,30
"2021-06-24",10,"SH","1SH","11SH",25,30
"2021-06-24",10,"SH","1SH","21SH",35,25
"2021-06-24",10,"SH","1SH","31SH",30,29
"2021-06-24",10,"SH","2SH","12SH",25,30
"2021-06-24",10,"SH","2SH","22SH",32,25
"2021-06-24",10,"SH","2SH","32SH",30,20
"2021-06-24",10,"SH","3SH","13SH",26,32
"2021-06-24",10,"SH","3SH","23SH",30,20
"2021-06-24",10,"SH","3SH","33SH",36,20
"2021-06-24",10,"SH","4SH","14SH",28,21
"2021-06-24",10,"SH","4SH","24SH",28,22
"2021-06-24",10,"SH","4SH","34SH",30,25
"2021-06-24",10,"SH","5SH","15SH",37,35
"2021-06-24",10,"SH","5SH","25SH",26,25
"2021-06-24",10,"SH","5SH","35SH",28,20
"2021-06-24",10,"SH","6SH","16SH",30,25
"2021-06-24",10,"SH","6SH","26SH",32,20
"2021-06-24",10,"SH","6SH","36SH",23,35
"2021-06-24",10,"SH","7SH","17SH",45,35
"2021-06-24",10,"SH","7SH","27SH",48,33
"2021-06-24",10,"SH","7SH","37SH",36,30
"2021-06-24",10,"SH","8SH","18SH",45,35
"2021-06-24",10,"SH","8SH","28SH",40,37
"2021-06-24",10,"SH","8SH","38SH",41,30
"2021-06-24",10,"SH","9SH","19SH",42,29
"2021-06-24",10,"SH","9SH","29SH",30,34
"2021-06-24",10,"SH","9SH","39SH",25,28
"2021-06-24",10,"SH","10SH","110SH",28,33
"2021-06-24",10,"SH","10SH","210SH",31,32
"2021-06-24",10,"SH","10SH","310SH",32,29
"2021-06-24",10,"SH","11SH","111SH",35,29
"2021-06-24",10,"SH","11SH","211SH",33,26
"2021-06-24",10,"SH","11SH","311SH",42,30
"2021-06-24",10,"SH","12SH","112SH",30,25
"2021-06-24",10,"SH","12SH","212SH",29,25
"2021-06-24",10,"SH","12SH","312SH",28,30
"2021-06-24",10,"SH","13SH","113SH",31,29
"2021-06-24",10,"SH","13SH","213SH",32,28
"2021-06-24",10,"SH","13SH","313SH",40,30
"2021-06-24",10,"SH","14SH","114SH",30,25
"2021-06-24",10,"SH","14SH","214SH",28,25
"2021-06-24",10,"SH","14SH","314SH",27,29
"2021-06-24",10,"SH","15SH","115SH",28,34
"2021-06-24",10,"SH","15SH","215SH",28,27
"2021-06-24",10,"SH","15SH","315SH",35,40
"2021-06-24",10,"SH","16SH","116SH",31,29
"2021-06-24",10,"SH","16SH","216SH",33,27
"2021-06-24",10,"SH","16SH","316SH",34,35
"2021-06-24",10,"SH","17SH","117SH",29,30
"2021-06-24",10,"SH","17SH","217SH",28,35
"2021-06-24",10,"SH","17SH","317SH",30,38
"2021-06-24",10,"SH","18SH","118SH",29,39
"2021-06-24",10,"SH","18SH","218SH",30,35
"2021-06-24",10,"SH","18SH","318SH",31,34
"2021-06-24",10,"SH","19SH","119SH",28,29
"2021-06-24",10,"SH","19SH","219SH",27,29
"2021-06-24",10,"SH","19SH","319SH",36,30
"2021-06-24",10,"SH","20SH","120SH",28,29
"2021-06-24",10,"SH","20SH","220SH",26,28
"2021-06-24",10,"SH","20SH","320SH",25,32
"2021-06-24",10,"SH","21SH","121SH",31,32
"2021-06-24",10,"SH","21SH","221SH",32,33
"2021-06-24",10,"SH","21SH","321SH",27,32
"2021-06-24",10,"SH","22SH","122SH",33,36
"2021-06-24",10,"SH","22SH","222SH",34,30
"2021-06-24",10,"SH","22SH","322SH",28,29
"2021-06-24",10,"SH","23SH","123SH",26,29
"2021-06-24",10,"SH","23SH","223SH",30,33
"2021-06-24",10,"SH","23SH","323SH",35,33
"2021-06-24",10,"SH","24SH","124SH",36,35
"2021-06-24",10,"SH","24SH","224SH",35,30
"2021-06-24",10,"SH","24SH","324SH",39,37
"2021-07-01",11,"FL","1FL","11FL",34,32
"2021-07-01",11,"FL","1FL","21FL",35,34
"2021-07-01",11,"FL","1FL","31FL",34,39
"2021-07-01",11,"FL","2FL","12FL",29,39
"2021-07-01",11,"FL","2FL","22FL",29,40
"2021-07-01",11,"FL","2FL","32FL",40,41
"2021-07-01",11,"FL","3FL","13FL",35,39
"2021-07-01",11,"FL","3FL","23FL",38,34
"2021-07-01",11,"FL","3FL","33FL",33,35
"2021-07-01",11,"FL","4FL","14FL",33,29
"2021-07-01",11,"FL","4FL","24FL",36,27
"2021-07-01",11,"FL","4FL","34FL",37,35
"2021-07-01",11,"FL","5FL","15FL",40,34
"2021-07-01",11,"FL","5FL","25FL",29,35
"2021-07-01",11,"FL","5FL","35FL",29,33
"2021-07-01",11,"FL","6FL","16FL",27,31
"2021-07-01",11,"FL","6FL","26FL",30,30
"2021-07-01",11,"FL","6FL","36FL",31,31
"2021-07-01",11,"SH","1SH","11SH",26,34
"2021-07-01",11,"SH","1SH","21SH",30,35
"2021-07-01",11,"SH","1SH","31SH",29,30
"2021-07-01",11,"SH","2SH","12SH",30,31
"2021-07-01",11,"SH","2SH","22SH",25,35
"2021-07-01",11,"SH","2SH","32SH",24,29
"2021-07-01",11,"SH","3SH","13SH",28,28
"2021-07-01",11,"SH","3SH","23SH",28,34
"2021-07-01",11,"SH","3SH","33SH",29,33
"2021-07-01",11,"SH","4SH","14SH",31,31
"2021-07-01",11,"SH","4SH","24SH",31,24
"2021-07-01",11,"SH","4SH","34SH",34,26
"2021-07-01",11,"SH","5SH","15SH",30,35
"2021-07-01",11,"SH","5SH","25SH",34,30
"2021-07-01",11,"SH","5SH","35SH",24,31
"2021-07-01",11,"SH","6SH","16SH",24,33
"2021-07-01",11,"SH","6SH","26SH",26,29
"2021-07-01",11,"SH","6SH","36SH",29,29
"2021-07-01",11,"SH","7SH","17SH",48,40
"2021-07-01",11,"SH","7SH","27SH",40,43
"2021-07-01",11,"SH","7SH","37SH",39,40
"2021-07-01",11,"SH","8SH","18SH",34,35
"2021-07-01",11,"SH","8SH","28SH",40,31
"2021-07-01",11,"SH","8SH","38SH",40,31
"2021-07-01",11,"SH","9SH","19SH",41,30
"2021-07-01",11,"SH","9SH","29SH",30,21
"2021-07-01",11,"SH","9SH","39SH",29,29
"2021-07-01",11,"SH","10SH","110SH",28,28
"2021-07-01",11,"SH","10SH","210SH",25,26
"2021-07-01",11,"SH","10SH","310SH",24,25
"2021-07-01",11,"SH","11SH","111SH",26,24
"2021-07-01",11,"SH","11SH","211SH",28,25
"2021-07-01",11,"SH","11SH","311SH",33,25
"2021-07-01",11,"SH","12SH","112SH",21,30
"2021-07-01",11,"SH","12SH","212SH",22,31
"2021-07-01",11,"SH","12SH","312SH",28,33
"2021-07-01",11,"SH","13SH","113SH",28,28
"2021-07-01",11,"SH","13SH","213SH",26,26
"2021-07-01",11,"SH","13SH","313SH",25,24
"2021-07-01",11,"SH","14SH","114SH",27,25
"2021-07-01",11,"SH","14SH","214SH",30,26
"2021-07-01",11,"SH","14SH","314SH",21,30
"2021-07-01",11,"SH","15SH","115SH",24,31
"2021-07-01",11,"SH","15SH","215SH",26,24
"2021-07-01",11,"SH","15SH","315SH",21,24
"2021-07-01",11,"SH","16SH","116SH",22,25
"2021-07-01",11,"SH","16SH","216SH",23,30
"2021-07-01",11,"SH","16SH","316SH",23,31
"2021-07-01",11,"SH","17SH","117SH",20,31
"2021-07-01",11,"SH","17SH","217SH",30,32
"2021-07-01",11,"SH","17SH","317SH",31,34
"2021-07-01",11,"SH","18SH","118SH",24,33
"2021-07-01",11,"SH","18SH","218SH",24,29
"2021-07-01",11,"SH","18SH","318SH",26,30
"2021-07-01",11,"SH","19SH","119SH",30,31
"2021-07-01",11,"SH","19SH","219SH",24,34
"2021-07-01",11,"SH","19SH","319SH",21,28
"2021-07-01",11,"SH","20SH","120SH",26,35
"2021-07-01",11,"SH","20SH","220SH",29,20
"2021-07-01",11,"SH","20SH","320SH",30,21
"2021-07-01",11,"SH","21SH","121SH",33,22
"2021-07-01",11,"SH","21SH","221SH",33,25
"2021-07-01",11,"SH","21SH","321SH",34,25
"2021-07-01",11,"SH","22SH","122SH",28,24
"2021-07-01",11,"SH","22SH","222SH",26,26
"2021-07-01",11,"SH","22SH","322SH",24,25
"2021-07-01",11,"SH","23SH","123SH",28,30
"2021-07-01",11,"SH","23SH","223SH",29,31
"2021-07-01",11,"SH","23SH","323SH",24,21
"2021-07-01",11,"SH","24SH","124SH",36,31
"2021-07-01",11,"SH","24SH","224SH",29,26
"2021-07-01",11,"SH","24SH","324SH",29,29
"2021-07-08",12,"FL","1FL","11FL",31,25
"2021-07-08",12,"FL","1FL","21FL",30,21
"2021-07-08",12,"FL","1FL","31FL",32,26
"2021-07-08",12,"FL","2FL","12FL",24,29
"2021-07-08",12,"FL","2FL","22FL",26,29
"2021-07-08",12,"FL","2FL","32FL",35,30
"2021-07-08",12,"FL","3FL","13FL",31,31
"2021-07-08",12,"FL","3FL","23FL",28,33
"2021-07-08",12,"FL","3FL","33FL",26,28
"2021-07-08",12,"FL","4FL","14FL",31,24
"2021-07-08",12,"FL","4FL","24FL",21,25
"2021-07-08",12,"FL","4FL","34FL",25,23
"2021-07-08",12,"FL","5FL","15FL",25,31
"2021-07-08",12,"FL","5FL","25FL",31,30
"2021-07-08",12,"FL","5FL","35FL",30,30
"2021-07-08",12,"FL","6FL","16FL",40,25
"2021-07-08",12,"FL","6FL","26FL",22,31
"2021-07-08",12,"FL","6FL","36FL",26,28
"2021-07-08",12,"SH","1SH","11SH",30,24
"2021-07-08",12,"SH","1SH","21SH",33,25
"2021-07-08",12,"SH","1SH","31SH",33,24
"2021-07-08",12,"SH","2SH","12SH",35,23
"2021-07-08",12,"SH","2SH","22SH",34,26
"2021-07-08",12,"SH","2SH","32SH",28,23
"2021-07-08",12,"SH","3SH","13SH",29,22
"2021-07-08",12,"SH","3SH","23SH",30,21
"2021-07-08",12,"SH","3SH","33SH",31,25
"2021-07-08",12,"SH","4SH","14SH",33,26
"2021-07-08",12,"SH","4SH","24SH",24,24
"2021-07-08",12,"SH","4SH","34SH",25,23
"2021-07-08",12,"SH","5SH","15SH",25,22
"2021-07-08",12,"SH","5SH","25SH",26,21
"2021-07-08",12,"SH","5SH","35SH",31,30
"2021-07-08",12,"SH","6SH","16SH",30,31
"2021-07-08",12,"SH","6SH","26SH",29,26
"2021-07-08",12,"SH","6SH","36SH",29,25
"2021-07-08",12,"SH","7SH","17SH",46,24
"2021-07-08",12,"SH","7SH","27SH",45,23
"2021-07-08",12,"SH","7SH","37SH",41,26
"2021-07-08",12,"SH","8SH","18SH",31,25
"2021-07-08",12,"SH","8SH","28SH",26,31
"2021-07-08",12,"SH","8SH","38SH",29,28
"2021-07-08",12,"SH","9SH","19SH",30,28
"2021-07-08",12,"SH","9SH","29SH",33,29
"2021-07-08",12,"SH","9SH","39SH",34,31
"2021-07-08",12,"SH","10SH","110SH",26,26
"2021-07-08",12,"SH","10SH","210SH",25,24
"2021-07-08",12,"SH","10SH","310SH",28,25
"2021-07-08",12,"SH","11SH","111SH",28,20
"2021-07-08",12,"SH","11SH","211SH",31,21
"2021-07-08",12,"SH","11SH","311SH",33,22
"2021-07-08",12,"SH","12SH","112SH",34,35
"2021-07-08",12,"SH","12SH","212SH",29,24
"2021-07-08",12,"SH","12SH","312SH",29,26
"2021-07-08",12,"SH","13SH","113SH",28,25
"2021-07-08",12,"SH","13SH","213SH",25,29
"2021-07-08",12,"SH","13SH","313SH",31,29
"2021-07-08",12,"SH","14SH","114SH",27,30
"2021-07-08",12,"SH","14SH","214SH",26,31
"2021-07-08",12,"SH","14SH","314SH",27,25
"2021-07-08",12,"SH","15SH","115SH",25,26
"2021-07-08",12,"SH","15SH","215SH",22,28
"2021-07-08",12,"SH","15SH","315SH",29,31
"2021-07-08",12,"SH","16SH","116SH",28,30
"2021-07-08",12,"SH","16SH","216SH",30,31
"2021-07-08",12,"SH","16SH","316SH",31,24
"2021-07-08",12,"SH","17SH","117SH",33,25
"2021-07-08",12,"SH","17SH","217SH",24,26
"2021-07-08",12,"SH","17SH","317SH",25,28
"2021-07-08",12,"SH","18SH","118SH",26,29
"2021-07-08",12,"SH","18SH","218SH",31,29
"2021-07-08",12,"SH","18SH","318SH",24,30
"2021-07-08",12,"SH","19SH","119SH",25,31
"2021-07-08",12,"SH","19SH","219SH",28,30
"2021-07-08",12,"SH","19SH","319SH",28,24
"2021-07-08",12,"SH","20SH","120SH",31,25
"2021-07-08",12,"SH","20SH","220SH",30,24
"2021-07-08",12,"SH","20SH","320SH",24,26
"2021-07-08",12,"SH","21SH","121SH",21,26
"2021-07-08",12,"SH","21SH","221SH",22,28
"2021-07-08",12,"SH","21SH","321SH",23,29
"2021-07-08",12,"SH","22SH","122SH",26,21
"2021-07-08",12,"SH","22SH","222SH",25,30
"2021-07-08",12,"SH","22SH","322SH",24,31
"2021-07-08",12,"SH","23SH","123SH",30,24
"2021-07-08",12,"SH","23SH","223SH",31,33
"2021-07-08",12,"SH","23SH","323SH",33,29
"2021-07-08",12,"SH","24SH","124SH",30,27
"2021-07-08",12,"SH","24SH","224SH",34,27
"2021-07-08",12,"SH","24SH","324SH",31,26
"2021-07-15",13,"FL","1FL","11FL",33,25
"2021-07-15",13,"FL","1FL","21FL",29,21
"2021-07-15",13,"FL","1FL","31FL",29,26
"2021-07-15",13,"FL","2FL","12FL",35,29
"2021-07-15",13,"FL","2FL","22FL",34,29
"2021-07-15",13,"FL","2FL","32FL",26,30
"2021-07-15",13,"FL","3FL","13FL",27,31
"2021-07-15",13,"FL","3FL","23FL",30,33
"2021-07-15",13,"FL","3FL","33FL",27,28
"2021-07-15",13,"FL","4FL","14FL",33,24
"2021-07-15",13,"FL","4FL","24FL",29,25
"2021-07-15",13,"FL","4FL","34FL",36,23
"2021-07-15",13,"FL","5FL","15FL",28,27
"2021-07-15",13,"FL","5FL","25FL",34,26
"2021-07-15",13,"FL","5FL","35FL",40,30
"2021-07-15",13,"FL","6FL","16FL",31,29
"2021-07-15",13,"FL","6FL","26FL",50,31
"2021-07-15",13,"FL","6FL","36FL",27,30
"2021-07-15",13,"SH","1SH","11SH",29,21
"2021-07-15",13,"SH","1SH","21SH",31,20
"2021-07-15",13,"SH","1SH","31SH",30,26
"2021-07-15",13,"SH","2SH","12SH",35,29
"2021-07-15",13,"SH","2SH","22SH",36,30
"2021-07-15",13,"SH","2SH","32SH",36,24
"2021-07-15",13,"SH","3SH","13SH",29,22
"2021-07-15",13,"SH","3SH","23SH",30,25
"2021-07-15",13,"SH","3SH","33SH",28,30
"2021-07-15",13,"SH","4SH","14SH",28,24
"2021-07-15",13,"SH","4SH","24SH",30,26
"2021-07-15",13,"SH","4SH","34SH",31,33
"2021-07-15",13,"SH","5SH","15SH",30,30
"2021-07-15",13,"SH","5SH","25SH",29,25
"2021-07-15",13,"SH","5SH","35SH",33,24
"2021-07-15",13,"SH","6SH","16SH",25,26
"2021-07-15",13,"SH","6SH","26SH",26,29
"2021-07-15",13,"SH","6SH","36SH",29,28
"2021-07-15",13,"SH","7SH","17SH",45,31
"2021-07-15",13,"SH","7SH","27SH",44,33
"2021-07-15",13,"SH","7SH","37SH",40,30
"2021-07-15",13,"SH","8SH","18SH",29,26
"2021-07-15",13,"SH","8SH","28SH",25,28
"2021-07-15",13,"SH","8SH","38SH",31,31
"2021-07-15",13,"SH","9SH","19SH",24,26
"2021-07-15",13,"SH","9SH","29SH",29,28
"2021-07-15",13,"SH","9SH","39SH",30,24
"2021-07-15",13,"SH","10SH","110SH",31,24
"2021-07-15",13,"SH","10SH","210SH",30,25
"2021-07-15",13,"SH","10SH","310SH",29,26
"2021-07-15",13,"SH","11SH","111SH",29,29
"2021-07-15",13,"SH","11SH","211SH",30,29
"2021-07-15",13,"SH","11SH","311SH",31,31
"2021-07-15",13,"SH","12SH","112SH",31,29
"2021-07-15",13,"SH","12SH","212SH",33,33
"2021-07-15",13,"SH","12SH","312SH",29,24
"2021-07-15",13,"SH","13SH","113SH",27,27
"2021-07-15",13,"SH","13SH","213SH",29,26
"2021-07-15",13,"SH","13SH","313SH",30,29
"2021-07-15",13,"SH","14SH","114SH",29,29
"2021-07-15",13,"SH","14SH","214SH",26,31
"2021-07-15",13,"SH","14SH","314SH",34,30
"2021-07-15",13,"SH","15SH","115SH",31,28
"2021-07-15",13,"SH","15SH","215SH",30,29
"2021-07-15",13,"SH","15SH","315SH",26,30
"2021-07-15",13,"SH","16SH","116SH",25,31
"2021-07-15",13,"SH","16SH","216SH",24,29
"2021-07-15",13,"SH","16SH","316SH",23,29
"2021-07-15",13,"SH","17SH","117SH",21,30
"2021-07-15",13,"SH","17SH","217SH",35,25
"2021-07-15",13,"SH","17SH","317SH",31,27
"2021-07-15",13,"SH","18SH","118SH",25,30
"2021-07-15",13,"SH","18SH","218SH",24,26
"2021-07-15",13,"SH","18SH","318SH",29,31
"2021-07-15",13,"SH","19SH","119SH",31,29
"2021-07-15",13,"SH","19SH","219SH",30,26
"2021-07-15",13,"SH","19SH","319SH",26,28
"2021-07-15",13,"SH","20SH","120SH",25,30
"2021-07-15",13,"SH","20SH","220SH",29,30
"2021-07-15",13,"SH","20SH","320SH",30,31
"2021-07-15",13,"SH","21SH","121SH",33,26
"2021-07-15",13,"SH","21SH","221SH",31,31
"2021-07-15",13,"SH","21SH","321SH",29,29
"2021-07-15",13,"SH","22SH","122SH",30,29
"2021-07-15",13,"SH","22SH","222SH",33,27
"2021-07-15",13,"SH","22SH","322SH",35,28
"2021-07-15",13,"SH","23SH","123SH",39,30
"2021-07-15",13,"SH","23SH","223SH",40,31
"2021-07-15",13,"SH","23SH","323SH",41,25
"2021-07-15",13,"SH","24SH","124SH",35,26
"2021-07-15",13,"SH","24SH","224SH",34,28
"2021-07-15",13,"SH","24SH","324SH",29,29
"2021-07-22",14,"FL","1FL","11FL",36,30
"2021-07-22",14,"FL","1FL","21FL",40,34
"2021-07-22",14,"FL","1FL","31FL",35,33
"2021-07-22",14,"FL","2FL","12FL",34,29
"2021-07-22",14,"FL","2FL","22FL",33,30
"2021-07-22",14,"FL","2FL","32FL",31,31
"2021-07-22",14,"FL","3FL","13FL",39,30
"2021-07-22",14,"FL","3FL","23FL",35,33
"2021-07-22",14,"FL","3FL","33FL",34,34
"2021-07-22",14,"FL","4FL","14FL",40,34
"2021-07-22",14,"FL","4FL","24FL",31,35
"2021-07-22",14,"FL","4FL","34FL",29,30
"2021-07-22",14,"FL","5FL","15FL",33,29
"2021-07-22",14,"FL","5FL","25FL",32,29
"2021-07-22",14,"FL","5FL","35FL",32,33
"2021-07-22",14,"FL","6FL","16FL",31,31
"2021-07-22",14,"FL","6FL","26FL",40,32
"2021-07-22",14,"FL","6FL","36FL",45,30
"2021-07-22",14,"SH","1SH","11SH",36,26
"2021-07-22",14,"SH","1SH","21SH",34,30
"2021-07-22",14,"SH","1SH","31SH",35,31
"2021-07-22",14,"SH","2SH","12SH",37,33
"2021-07-22",14,"SH","2SH","22SH",39,30
"2021-07-22",14,"SH","2SH","32SH",38,29
"2021-07-22",14,"SH","3SH","13SH",26,28
"2021-07-22",14,"SH","3SH","23SH",37,30
"2021-07-22",14,"SH","3SH","33SH",35,31
"2021-07-22",14,"SH","4SH","14SH",36,26
"2021-07-22",14,"SH","4SH","24SH",34,27
"2021-07-22",14,"SH","4SH","34SH",33,29
"2021-07-22",14,"SH","5SH","15SH",29,30
"2021-07-22",14,"SH","5SH","25SH",38,31
"2021-07-22",14,"SH","5SH","35SH",37,28
"2021-07-22",14,"SH","6SH","16SH",34,29
"2021-07-22",14,"SH","6SH","26SH",33,33
"2021-07-22",14,"SH","6SH","36SH",32,26
"2021-07-22",14,"SH","7SH","17SH",45,30
"2021-07-22",14,"SH","7SH","27SH",50,31
"2021-07-22",14,"SH","7SH","37SH",51,25
"2021-07-22",14,"SH","8SH","18SH",37,28
"2021-07-22",14,"SH","8SH","28SH",37,26
"2021-07-22",14,"SH","8SH","38SH",40,27
"2021-07-22",14,"SH","9SH","19SH",41,29
"2021-07-22",14,"SH","9SH","29SH",44,30
"2021-07-22",14,"SH","9SH","39SH",41,31
"2021-07-22",14,"SH","10SH","110SH",50,21
"2021-07-22",14,"SH","10SH","210SH",45,25
"2021-07-22",14,"SH","10SH","310SH",41,26
"2021-07-22",14,"SH","11SH","111SH",48,30
"2021-07-22",14,"SH","11SH","211SH",46,24
"2021-07-22",14,"SH","11SH","311SH",35,26
"2021-07-22",14,"SH","12SH","112SH",35,27
"2021-07-22",14,"SH","12SH","212SH",34,30
"2021-07-22",14,"SH","12SH","312SH",39,31
"2021-07-22",14,"SH","13SH","113SH",39,33
"2021-07-22",14,"SH","13SH","213SH",38,33
"2021-07-22",14,"SH","13SH","313SH",34,35
"2021-07-22",14,"SH","14SH","114SH",37,35
"2021-07-22",14,"SH","14SH","214SH",30,33
"2021-07-22",14,"SH","14SH","314SH",40,29
"2021-07-22",14,"SH","15SH","115SH",40,30
"2021-07-22",14,"SH","15SH","215SH",41,31
"2021-07-22",14,"SH","15SH","315SH",33,26
"2021-07-22",14,"SH","16SH","116SH",37,27
"2021-07-22",14,"SH","16SH","216SH",36,29
"2021-07-22",14,"SH","16SH","316SH",29,30
"2021-07-22",14,"SH","17SH","117SH",31,33
"2021-07-22",14,"SH","17SH","217SH",33,31
"2021-07-22",14,"SH","17SH","317SH",30,32
"2021-07-22",14,"SH","18SH","118SH",35,28
"2021-07-22",14,"SH","18SH","218SH",34,25
"2021-07-22",14,"SH","18SH","318SH",40,26
"2021-07-22",14,"SH","19SH","119SH",40,31
"2021-07-22",14,"SH","19SH","219SH",32,30
"2021-07-22",14,"SH","19SH","319SH",39,31
"2021-07-22",14,"SH","20SH","120SH",35,28
"2021-07-22",14,"SH","20SH","220SH",34,25
"2021-07-22",14,"SH","20SH","320SH",31,31
"2021-07-22",14,"SH","21SH","121SH",32,30
"2021-07-22",14,"SH","21SH","221SH",36,34
"2021-07-22",14,"SH","21SH","321SH",34,26
"2021-07-22",14,"SH","22SH","122SH",31,29
"2021-07-22",14,"SH","22SH","222SH",29,28
"2021-07-22",14,"SH","22SH","322SH",36,29
"2021-07-22",14,"SH","23SH","123SH",40,31
"2021-07-22",14,"SH","23SH","223SH",41,30
"2021-07-22",14,"SH","23SH","323SH",32,24
"2021-07-22",14,"SH","24SH","124SH",39,26
"2021-07-22",14,"SH","24SH","224SH",38,28
"2021-07-22",14,"SH","24SH","324SH",41,31
"2021-07-29",15,"FL","1FL","11FL",31,30
"2021-07-29",15,"FL","1FL","21FL",33,34
"2021-07-29",15,"FL","1FL","31FL",33,33
"2021-07-29",15,"FL","2FL","12FL",34,29
"2021-07-29",15,"FL","2FL","22FL",41,30
"2021-07-29",15,"FL","2FL","32FL",35,31
"2021-07-29",15,"FL","3FL","13FL",30,30
"2021-07-29",15,"FL","3FL","23FL",32,33
"2021-07-29",15,"FL","3FL","33FL",36,34
"2021-07-29",15,"FL","4FL","14FL",37,34
"2021-07-29",15,"FL","4FL","24FL",35,35
"2021-07-29",15,"FL","4FL","34FL",36,30
"2021-07-29",15,"FL","5FL","15FL",38,29
"2021-07-29",15,"FL","5FL","25FL",33,29
"2021-07-29",15,"FL","5FL","35FL",45,33
"2021-07-29",15,"FL","6FL","16FL",35,31
"2021-07-29",15,"FL","6FL","26FL",38,32
"2021-07-29",15,"FL","6FL","36FL",40,30
"2021-07-29",15,"SH","1SH","11SH",40,29
"2021-07-29",15,"SH","1SH","21SH",41,30
"2021-07-29",15,"SH","1SH","31SH",42,33
"2021-07-29",15,"SH","2SH","12SH",39,30
"2021-07-29",15,"SH","2SH","22SH",36,31
"2021-07-29",15,"SH","2SH","32SH",39,33
"2021-07-29",15,"SH","3SH","13SH",40,29
"2021-07-29",15,"SH","3SH","23SH",35,30
"2021-07-29",15,"SH","3SH","33SH",37,36
"2021-07-29",15,"SH","4SH","14SH",41,35
"2021-07-29",15,"SH","4SH","24SH",42,34
"2021-07-29",15,"SH","4SH","34SH",41,33
"2021-07-29",15,"SH","5SH","15SH",40,32
"2021-07-29",15,"SH","5SH","25SH",44,30
"2021-07-29",15,"SH","5SH","35SH",39,36
"2021-07-29",15,"SH","6SH","16SH",39,35
"2021-07-29",15,"SH","6SH","26SH",38,34
"2021-07-29",15,"SH","6SH","36SH",45,33
"2021-07-29",15,"SH","7SH","17SH",50,34
"2021-07-29",15,"SH","7SH","27SH",51,29
"2021-07-29",15,"SH","7SH","37SH",55,29
"2021-07-29",15,"SH","8SH","18SH",41,30
"2021-07-29",15,"SH","8SH","28SH",43,31
"2021-07-29",15,"SH","8SH","38SH",48,33
"2021-07-29",15,"SH","9SH","19SH",42,29
"2021-07-29",15,"SH","9SH","29SH",43,26
"2021-07-29",15,"SH","9SH","39SH",45,25
"2021-07-29",15,"SH","10SH","110SH",39,30
"2021-07-29",15,"SH","10SH","210SH",39,34
"2021-07-29",15,"SH","10SH","310SH",46,31
"2021-07-29",15,"SH","11SH","111SH",34,32
"2021-07-29",15,"SH","11SH","211SH",39,29
"2021-07-29",15,"SH","11SH","311SH",42,34
"2021-07-29",15,"SH","12SH","112SH",41,31
"2021-07-29",15,"SH","12SH","212SH",39,33
"2021-07-29",15,"SH","12SH","312SH",35,29
"2021-07-29",15,"SH","13SH","113SH",36,32
"2021-07-29",15,"SH","13SH","213SH",44,33
"2021-07-29",15,"SH","13SH","313SH",40,37
"2021-07-29",15,"SH","14SH","114SH",41,34
"2021-07-29",15,"SH","14SH","214SH",39,29
"2021-07-29",15,"SH","14SH","314SH",41,35
"2021-07-29",15,"SH","15SH","115SH",42,31
"2021-07-29",15,"SH","15SH","215SH",36,33
"2021-07-29",15,"SH","15SH","315SH",39,31
"2021-07-29",15,"SH","16SH","116SH",38,29
"2021-07-29",15,"SH","16SH","216SH",41,29
"2021-07-29",15,"SH","16SH","316SH",40,31
"2021-07-29",15,"SH","17SH","117SH",39,33
"2021-07-29",15,"SH","17SH","217SH",42,33
"2021-07-29",15,"SH","17SH","317SH",37,38
"2021-07-29",15,"SH","18SH","118SH",39,32
"2021-07-29",15,"SH","18SH","218SH",40,29
"2021-07-29",15,"SH","18SH","318SH",41,31
"2021-07-29",15,"SH","19SH","119SH",44,30
"2021-07-29",15,"SH","19SH","219SH",42,33
"2021-07-29",15,"SH","19SH","319SH",43,34
"2021-07-29",15,"SH","20SH","120SH",45,29
"2021-07-29",15,"SH","20SH","220SH",40,31
"2021-07-29",15,"SH","20SH","320SH",39,34
"2021-07-29",15,"SH","21SH","121SH",36,28
"2021-07-29",15,"SH","21SH","221SH",38,30
"2021-07-29",15,"SH","21SH","321SH",41,34
"2021-07-29",15,"SH","22SH","122SH",36,33
"2021-07-29",15,"SH","22SH","222SH",33,31
"2021-07-29",15,"SH","22SH","322SH",41,36
"2021-07-29",15,"SH","23SH","123SH",36,31
"2021-07-29",15,"SH","23SH","223SH",35,35
"2021-07-29",15,"SH","23SH","323SH",41,32
"2021-07-29",15,"SH","24SH","124SH",42,33
"2021-07-29",15,"SH","24SH","224SH",36,30
"2021-07-29",15,"SH","24SH","324SH",37,30
